,stock_ticker,industry
0,SUNW,
1,ORCL,信息技术
2,MSFT,信息技术
3,SDS,
4,TW,金融
5,OV,
6,AYE,
7,TROW,金融
8,HON,工业
9,EMC,
10,TECD,信息技术
11,FO,
12,TKLC,
13,LLTC,信息技术
14,CY,信息技术
15,GENZ,日常消费
16,IMDC,
17,ADPT,医疗保健
18,TCB,
19,T,电信服务
20,JMED,
21,ADM,日常消费
22,THI,可选消费
23,SVRN,
24,ADLA,
25,DME,
26,ARC,工业
27,IFMX,
28,HRC,医疗保健
29,FISV,
30,CF,材料
31,BS,
32,SGI,信息技术
33,BC,可选消费
34,UIS,信息技术
35,PHBK,
36,WBST,
37,MKL,金融
38,CMVT,
39,BFO,
40,WCOM,
41,DELL,信息技术
42,MEC,工业
43,KO,日常消费
44,CG,金融
45,DMIC,
46,UBSI,金融
47,FHCC,
48,SKS,公用事业
49,CDN,
50,FILE,
51,CELG,医疗保健
52,APW,
53,XRAY,医疗保健
54,DCN,
55,FAST,工业
56,RRRR,
57,DTE,公用事业
58,ALEX,房地产
59,DD,材料
60,CBM,医疗保健
61,EK,
62,DS,
63,ETN,工业
64,SIVB,
65,XOM,能源
66,MGG,
67,MXIM,信息技术
68,WMI,
69,APCC,金融
70,BMCS,
71,BGEN,
72,CMCS,
73,DY,工业
74,GMT,
75,GD,工业
76,GE,工业
77,NVLS,
78,OLDB,
79,PBCT,金融
80,PDE,能源
81,GM,可选消费
82,GR,工业
83,VISX,
84,HM,
85,IR,工业
86,IBM,信息技术
87,NAV,工业
88,MKG,
89,IIN,信息技术
90,KSU,工业
91,KM,
92,AM,能源
93,MAY,
94,MYG,
95,AMSY,
96,OLN,材料
97,PCG,公用事业
98,PGL,
99,PEP,日常消费
100,MO,日常消费
101,P,信息技术
102,AMGN,医疗保健
103,S,信息技术
104,ANDW,
105,CHV,
106,AAPL,信息技术
107,SUN,能源
108,AMAT,信息技术
109,TX,材料
110,TKR,工业
111,TR,日常消费
112,UCL,信息技术
113,MRO,能源
114,UST,
115,VMC,材料
116,ASBC,
117,CBS,
118,Z,信息技术
119,WWY,
120,ATG,
121,TAN,
122,TXN,信息技术
123,UK,房地产
124,AHP,
125,EIX,公用事业
126,UWR,
127,G,信息技术
128,GT,可选消费
129,BOH,金融
130,HSY,日常消费
131,KR,日常消费
132,BRR,
133,CVS,日常消费
134,GIS,日常消费
135,MHP,
136,CCK,材料
137,KMB,日常消费
138,PD,信息技术
139,UTX,
140,BGG,
141,HPC,
142,BMET,医疗保健
143,PG,日常消费
144,MTC,金融
145,JCP,
146,SO,公用事业
147,CAT,工业
148,PZB,
149,TRW,可选消费
150,CL,日常消费
151,RLM,医疗保健
152,FMC,材料
153,DE,工业
154,BMY,医疗保健
155,WAG,
156,BA,工业
157,UAL,工业
158,ACK,
159,VVI,工业
160,MTZ,工业
161,BBRC,
162,MEA,
163,SNV,金融
164,CCB,金融
165,ACXM,
166,HI,可选消费
167,CCBL,
168,CR,工业
169,BDK,
170,ABT,医疗保健
171,DOW,材料
172,UB,
173,ADAP,医疗保健
174,GTE,
175,AMR,能源
176,LMT,工业
177,W,可选消费
178,NEM,材料
179,WGL,公用事业
180,CDD,
181,FMO,
182,IPL,
183,CAH,医疗保健
184,CHA,电信服务
185,IP,材料
186,PE,能源
187,REI,
188,IDA,公用事业
189,PFE,医疗保健
190,CBE,工业
191,CBSS,
192,NSI,
193,EMR,工业
194,JNJ,医疗保健
195,GLW,信息技术
196,FPC,
197,PPG,材料
198,PPL,公用事业
199,GPU,
200,MMM,工业
201,NCE,
202,MRK,医疗保健
203,MOT,
204,SLE,信息技术
205,DPL,公用事业
206,CIN,
207,FE,公用事业
208,HNZ,日常消费
209,SCG,公用事业
210,CPL,公用事业
211,CMS,公用事业
212,EAT,可选消费
213,HLT,可选消费
214,ENE,
215,CHIR,
216,CHZ,
217,CHD,日常消费
218,CINF,金融
219,NES,
220,POM,公用事业
221,WEC,公用事业
222,AWK,公用事业
223,TXT,工业
224,CTAS,工业
225,PEG,公用事业
226,ILN,
227,HAL,能源
228,LGE,
229,MDU,公用事业
230,CZN,
231,GP,可选消费
232,CYN,信息技术
233,NSP,工业
234,ROH,
235,CIV,
236,ETR,公用事业
237,CCU,日常消费
238,WR,公用事业
239,NEG,
240,AEP,公用事业
241,NMK,
242,FPL,
243,CEG,公用事业
244,MPL,
245,MTP,
246,ASH,材料
247,EQT,能源
248,KSE,
249,KLT,
250,OGE,公用事业
251,PBI,工业
252,OAT,
253,TXU,
254,CNB,
255,AA,材料
256,WLA,
257,NOC,工业
258,WIN,
259,OWC,
260,RTN,工业
261,AEE,公用事业
262,SGP,医疗保健
263,DQE,
264,CMA,金融
265,CBSH,金融
266,HSC,
267,CPB,日常消费
268,CTCO,
269,WHR,可选消费
270,PSD,
271,CD,信息技术
272,HRS,
273,NFG,公用事业
274,KMG,材料
275,CA,
276,F,可选消费
277,DOV,工业
278,EFU,
279,DAL,工业
280,LIT,
281,CEFT,
282,FLR,工业
283,DIS,可选消费
284,PRD,金融
285,BOL,
286,CDP,房地产
287,UCU,
288,GAP,可选消费
289,LTR,
290,K,日常消费
291,VAR,医疗保健
292,CSL,工业
293,CTB,可选消费
294,R,工业
295,AVT,信息技术
296,IRF,信息技术
297,PEB,房地产
298,STR,能源
299,HWP,
300,BAX,医疗保健
301,CFR,金融
302,DUK,公用事业
303,XRX,信息技术
304,APD,材料
305,MUR,能源
306,RAL,
307,AHC,
308,CTS,信息技术
309,ALK,工业
310,U,信息技术
311,NBR,能源
312,ARW,信息技术
313,BF,
314,DNEX,工业
315,DG,可选消费
316,OMC,可选消费
317,EV,
318,ESIO,信息技术
319,GLK,
320,EMLX,
321,HP,能源
322,WFT,
323,HRL,日常消费
324,HUB,
325,ENZN,
326,MAS,可选消费
327,FITB,金融
328,NUE,材料
329,OXY,能源
330,RGBK,
331,PLL,材料
332,FAF,金融
333,FMER,金融
334,TRMK,金融
335,MTB,金融
336,FFBC,金融
337,BWE,
338,FMBI,金融
339,FSR,
340,FSCO,金融
341,FTN,
342,SHW,材料
343,FTU,
344,TE,能源
345,BEN,金融
346,VAL,能源
347,AJG,金融
348,WMB,能源
349,CNW,工业
350,TNB,工业
351,SRP,
352,GNTX,可选消费
353,DNY,
354,WFC,金融
355,NI,公用事业
356,CGP,
357,CEN,
358,WH,可选消费
359,FON,
360,APA,能源
361,MAT,可选消费
362,BDX,医疗保健
363,WY,材料
364,TEK,
365,CSC,信息技术
366,IFF,材料
367,AVP,日常消费
368,DBD,信息技术
369,TWX,可选消费
370,TJX,可选消费
371,TXI,材料
372,DOL,
373,H,可选消费
374,CQ,
375,CUM,
376,HE,公用事业
377,PH,工业
378,AT,公用事业
379,HELX,
380,TNO,
381,HIB,
382,CNF,金融
383,BCC,材料
384,ACV,
385,JOS,
386,PKI,
387,BBC,
388,HNI,工业
389,JCI,工业
390,MDP,可选消费
391,HBAN,金融
392,ATI,材料
393,SWK,工业
394,MCD,可选消费
395,VFC,可选消费
396,IMNX,
397,IMP,
398,LZ,信息技术
399,BMS,材料
400,KMT,工业
401,NU,金融
402,TFX,医疗保健
403,IDTI,信息技术
404,AVY,材料
405,AUD,
406,SVU,日常消费
407,HTN,
408,FRX,
409,IGT,可选消费
410,GLM,
411,RDC,能源
412,SFA,
413,MMC,金融
414,SII,金融
415,DEX,
416,IOM,
417,AHAA,
418,FLC,
419,SFE,
420,ITG,金融
421,CLX,日常消费
422,GPC,可选消费
423,CBT,材料
424,AET,医疗保健
425,BCR,医疗保健
426,KLAC,信息技术
427,RAD,
428,FBF,
429,CC,材料
430,KDN,工业
431,KEA,
432,KELY,
433,NYT,可选消费
434,CNA,金融
435,BRW,
436,LC,金融
437,CMB,
438,GCI,可选消费
439,JPM,金融
440,KLIC,信息技术
441,LSI,房地产
442,GAS,公用事业
443,LTXX,
444,LZB,可选消费
445,AGC,
446,JP,
447,LRCX,信息技术
448,DNB,信息技术
449,IKN,
450,LANC,日常消费
451,HUM,医疗保健
452,TTN,
453,KRI,
454,LNC,金融
455,FLO,日常消费
456,HRB,可选消费
457,DDS,可选消费
458,SDW,
459,BK,金融
460,DHR,工业
461,PCH,房地产
462,LIZ,
463,PNY,公用事业
464,ABS,
465,WB,信息技术
466,BNI,
467,TDW,能源
468,MRD,能源
469,LLY,医疗保健
470,ADCT,医疗保健
471,SMTC,信息技术
472,MEG,工业
473,FNM,
474,MTW,工业
475,TER,信息技术
476,NSM,金融
477,SUB,
478,KMI,能源
479,SRV,
480,MI,
481,ABF,
482,CCUR,
483,SYY,日常消费
484,MKC,日常消费
485,RHI,工业
486,FVB,
487,JEC,
488,THC,医疗保健
489,EFX,工业
490,GWW,工业
491,HB,
492,MENT,信息技术
493,MRBK,金融
494,PSC,
495,MER,
496,MCY,金融
497,HAS,可选消费
498,IPG,可选消费
499,METH,
500,WPO,
501,MIKE,
502,GDW,
503,MCRS,信息技术
504,LDG,
505,MU,信息技术
506,CTX,
507,FDO,可选消费
508,MLHR,
509,PHM,可选消费
510,MIL,
511,AGE,
512,SHX,
513,PWJ,
514,MOLX,工业
515,TRN,工业
516,SPW,
517,WMT,日常消费
518,LPX,材料
519,NCC,
520,CAG,日常消费
521,NCBC,
522,NLCS,
523,NDC,
524,ITW,工业
525,BLL,
526,NKE,可选消费
527,VSH,信息技术
528,JWN,可选消费
529,AFL,金融
530,NFB,
531,NTRS,金融
532,RLR,
533,STK,
534,LUV,工业
535,LNT,公用事业
536,DJ,
537,GPS,
538,OCAS,
539,AXP,金融
540,BUD,日常消费
541,CB,金融
542,RKY,
543,HRD,
544,INTC,信息技术
545,OK,
546,MEL,
547,ORI,金融
548,BAC,金融
549,SAFC,
550,SPC,
551,UFC,
552,OCLI,
553,MDT,医疗保健
554,SNA,工业
555,MIR,信息技术
556,PNC,金融
557,PCAR,工业
558,CTL,
559,AFG,金融
560,PPP,
561,ADI,信息技术
562,LEG,可选消费
563,NWL,可选消费
564,TOY,
565,AEIC,
566,AMD,信息技术
567,DCI,工业
568,LOW,可选消费
569,CDO,
570,FJ,
571,PAYX,信息技术
572,TOS,
573,AOC,
574,DLX,工业
575,NBL,能源
576,WIC,
577,PNR,工业
578,TMO,医疗保健
579,CSX,工业
580,TMK,
581,ESV,
582,OEI,
583,ASO,可选消费
584,EC,能源
585,WEN,可选消费
586,PMS,
587,DF,
588,OCR,医疗保健
589,TDS,电信服务
590,CI,医疗保健
591,LTD,
592,NSC,工业
593,PGR,金融
594,SK,
595,PL,信息技术
596,PFGI,
597,CCR,能源
598,AZA,
599,KEY,金融
600,SSW,
601,ONE,
602,RPM,材料
603,LM,金融
604,BLC,电信服务
605,MBG,
606,LAF,
607,TRB,
608,BEL,可选消费
609,BLS,
610,HU,
611,SBC,医疗保健
612,TIN,工业
613,USW,
614,BOW,金融
615,USB,金融
616,HD,可选消费
617,SLM,金融
618,REY,
619,AIG,金融
620,CMH,
621,IV,
622,CLE,
623,CNS,金融
624,GSB,
625,STI,信息技术
626,SCI,可选消费
627,SEIC,金融
628,BSC,
629,ICN,
630,CPQ,
631,GMH,
632,STJ,医疗保健
633,CVC,可选消费
634,MWD,
635,PR,能源
636,MYL,医疗保健
637,SEG,
638,RJF,金融
639,SRM,可选消费
640,HDI,
641,KBH,可选消费
642,SMS,
643,UAM,医疗保健
644,APC,能源
645,CCE,
646,C,金融
647,SIAL,材料
648,ECL,材料
649,SFD,日常消费
650,SVM,
651,UNM,金融
652,SON,材料
653,BBT,
654,SOTR,
655,SEH,材料
656,STT,金融
657,SYK,医疗保健
658,SBL,
659,BHI,能源
660,TIF,可选消费
661,TBL,
662,MBI,金融
663,PII,可选消费
664,SCH,
665,GGC,
666,HAR,可选消费
667,IBP,可选消费
668,IVX,
669,LE,可选消费
670,PXD,能源
671,TLAB,电信服务
672,IGL,
673,MAN,工业
674,MCN,
675,BID,可选消费
676,USM,电信服务
677,BR,信息技术
678,BEC,日常消费
679,LYO,
680,SPLS,可选消费
681,ADBE,信息技术
682,ODP,可选消费
683,ALTR,信息技术
684,IEX,工业
685,CRUS,信息技术
686,SYMC,
687,MMGR,
688,CS,金融
689,AGN,医疗保健
690,CGNX,信息技术
691,MRL,
692,NETE,
693,TECH,医疗保健
694,FRE,
695,ECP,
696,EOG,能源
697,ERTS,
698,LSCC,信息技术
699,SLR,
700,ACF,
701,PMTC,
702,PRY,
703,MUEI,
704,CSCO,信息技术
705,RDA,信息技术
706,HET,
707,SUG,公用事业
708,INTS,医疗保健
709,SFS,日常消费
710,JOE,房地产
711,VICR,工业
712,COMS,
713,UNIT,房地产
714,SWY,日常消费
715,ASPT,
716,COL,工业
717,XLNX,信息技术
718,PKS,
719,SWFT,
720,TRH,金融
721,VIAB,可选消费
722,BJS,能源
723,PRK,
724,AN,可选消费
725,IATV,
726,MRX,金融
727,CBC,金融
728,CDX,
729,KRB,
730,HMA,金融
731,MLI,工业
732,ATML,信息技术
733,NGH,
734,AZO,可选消费
735,PMCS,信息技术
736,CEPH,日常消费
737,JNY,可选消费
738,TSS,
739,X,材料
740,AHG,金融
741,MEDI,
742,ANN,可选消费
743,ICOS,
744,FHS,可选消费
745,OSSI,
746,MEDX,
747,DV,信息技术
748,AES,公用事业
749,ALKS,医疗保健
750,VRTX,医疗保健
751,IBC,
752,PRGS,信息技术
753,ABK,金融
754,OXHP,
755,SYBS,
756,ZBRA,信息技术
757,NTLI,
758,MTG,金融
759,IDPH,
760,SEPR,
761,TSCC,
762,AW,
763,BOKF,金融
764,WAXS,
765,WCII,
766,VVTV,
767,WTNY,金融
768,HCR,
769,YRK,
770,IMCL,
771,HMN,金融
772,OI,材料
773,VTSS,信息技术
774,QCOM,信息技术
775,GILD,医疗保健
776,WFMI,
777,NXTL,
778,PDLI,医疗保健
779,SMG,材料
780,ROP,工业
781,USFC,
782,SCHL,可选消费
783,SNPS,信息技术
784,ELY,
785,AOL,信息技术
786,LNCR,日常消费
787,BSYS,
788,XIRC,
789,VCI,可选消费
790,FD,
791,FNV,材料
792,POS,
793,EPG,
794,ICGX,
795,MHK,可选消费
796,KOPN,信息技术
797,SUIT,
798,AG,材料
799,ICIX,
800,FDC,信息技术
801,MCOM,
802,MEDQ,
803,SYB,
804,BSX,医疗保健
805,KSS,可选消费
806,BBBY,
807,DHI,可选消费
808,ESRX,医疗保健
809,SBUX,可选消费
810,UDS,
811,TSN,日常消费
812,PX,金融
813,AXF,
814,FBN,
815,EFII,信息技术
816,NETA,
817,KEM,
818,MTX,材料
819,PDCO,医疗保健
820,RDN,金融
821,PSFT,
822,AMES,
823,CPWR,信息技术
824,BBOX,信息技术
825,MRVC,信息技术
826,UPC,医疗保健
827,APPB,
828,UMBF,金融
829,USAI,
830,CREE,
831,WPI,
832,INTU,信息技术
833,MCHP,信息技术
834,PSUN,
835,SIII,
836,ETH,
837,CATP,
838,JBL,信息技术
839,ORLY,可选消费
840,SANM,信息技术
841,WIND,
842,ATR,材料
843,CDWC,
844,DIIG,
845,AFM,
846,SCOC,
847,STN,工业
848,EWB,
849,RGA,金融
850,USG,
851,SKYF,
852,USTR,
853,ALL,金融
854,MANU,可选消费
855,QRSI,
856,WXS,
857,BWA,可选消费
858,ANTC,
859,ASYT,
860,PAIR,
861,UHS,医疗保健
862,CAL,可选消费
863,BKS,可选消费
864,ZLC,可选消费
865,CMOS,
866,IT,信息技术
867,MERQ,可选消费
868,OMP,能源
869,ALLC,
870,ASFC,
871,ATMI,信息技术
872,JDSU,
873,TVGI,
874,HHS,工业
875,INCY,医疗保健
876,NFX,能源
877,TLB,
878,CGI,
879,GTW,
880,HGSI,日常消费
881,MACR,
882,PROX,
883,SKYC,
884,TQNT,信息技术
885,VRTS,金融
886,VLY,金融
887,CYT,
888,EMN,材料
889,CMGI,
890,GPT,房地产
891,IS,信息技术
892,PLT,
893,PYX,
894,ALB,材料
895,MLM,材料
896,RYN,房地产
897,DSPG,信息技术
898,PTEL,
899,QLGC,信息技术
900,EMMS,
901,AKS,材料
902,CBR,
903,CPRT,工业
904,NWAC,金融
905,LEA,可选消费
906,AEOS,
907,CUBE,房地产
908,MTIC,
909,PSDI,
910,QTRN,
911,HLR,
912,ANCR,
913,RATL,
914,SSCC,
915,BTH,可选消费
916,FSA,
917,LEH,
918,VRI,
919,HBCC,
920,ADTN,信息技术
921,MPS,金融
922,ACS,
923,SIRI,可选消费
924,ORTL,
925,PRIA,
926,COF,金融
927,MCK,医疗保健
928,UFS,材料
929,PCLE,
930,VECO,信息技术
931,GDT,
932,APOL,可选消费
933,MCRL,信息技术
934,SWC,材料
935,RSAS,
936,COX,
938,TMC,材料
939,NSIT,信息技术
940,CMX,
941,TSAI,
942,ASD,
943,TRK,可选消费
944,L,金融
945,DLTR,可选消费
946,NATI,信息技术
947,RMDY,
948,SDLI,
949,BOP,
950,PMI,
951,WFSL,
952,WM,工业
953,HLIT,信息技术
954,PSIX,
955,BGP,公用事业
956,DRI,可选消费
957,USI,
958,WAB,工业
959,LECO,工业
960,DISH,可选消费
961,DRTE,
962,HNCS,
963,TXCC,
964,FCX,材料
965,WFR,
966,CAM,能源
967,LGTO,
968,MNMD,医疗保健
969,AVX,信息技术
970,UCR,
971,WABC,金融
972,CGO,
973,HRBC,
974,UTC,
975,CKFR,
976,TALK,医疗保健
977,AFC,
978,DO,能源
979,DLJ,
980,IBI,工业
981,RE,
982,UPR,
983,ERIE,金融
984,ESST,
985,ETEC,
986,VRTY,
987,ADVS,信息技术
988,AEIS,信息技术
989,HYSL,
990,CLFY,
991,MMWW,
992,IDXC,
993,NTAP,信息技术
994,PIXR,
995,SNDK,信息技术
996,SSTI,信息技术
997,PRM,材料
998,EL,日常消费
999,LXK,信息技术
1000,PNU,
1001,WAT,医疗保健
1002,WON,
1003,CTXS,信息技术
1004,ELCO,
1005,EUSA,
1006,HIG,金融
1007,OMPT,
1008,JW,信息技术
1009,WLL,能源
1010,WSM,可选消费
1011,WL,金融
1012,CSGS,信息技术
1013,DCTM,
1014,IRM,信息技术
1015,RCGI,
1016,DST,信息技术
1017,SE,信息技术
1018,CYTC,
1019,MSPG,
1020,PRGX,信息技术
1021,LU,金融
1022,PSS,
1023,TAP,日常消费
1024,AERL,
1025,ITWO,电信服务
1026,LCOS,
1027,PLCM,信息技术
1028,SAPE,信息技术
1029,SZA,
1030,SYKE,信息技术
1031,YHOO,
1032,AFS,
1033,NDN,
1034,NIS,
1035,TUP,
1036,ASDV,
1037,MLNM,
1038,OMKT,
1039,SAWS,
1040,SONE,
1041,WHIT,
1042,WWCA,
1043,WLP,
1044,EDS,
1044,EDS,
1045,FDS,金融
1046,WTHG,
1047,IMN,
1048,ADRX,
1049,AFFX,医疗保健
1050,BVSN,信息技术
1051,NTPA,
1052,MCLD,
1053,SEBL,
1054,CNET,可选消费
1055,DL,可选消费
1056,GES,可选消费
1057,EGRP,
1058,LAMR,可选消费
1059,TTEC,信息技术
1060,CYMI,工业
1061,ANF,可选消费
1062,CPN,公用事业
1063,CXR,
1064,MCH,
1065,SNC,金融
1066,UVN,可选消费
1067,BNKU,
1068,ART,金融
1069,RX,信息技术
1070,MWY,
1071,NOI,
1072,TSG,可选消费
1073,ADIC,
1074,AFCI,
1075,MXT,
1076,PGTV,
1077,ZION,金融
1078,TKTX,
1079,VYTL,
1080,IM,信息技术
1081,LIN,材料
1082,SSP,可选消费
1083,FCLX,
1084,ISCA,可选消费
1085,PRTL,
1086,SCAI,医疗保健
1087,WTSC,
1088,MAST,
1089,PWAV,
1090,TMPW,
1091,NCR,
1092,DGX,医疗保健
1093,ROK,工业
1094,NNS,
1095,TGH,工业
1096,ELNK,信息技术
1097,RSLN,
1098,CIEN,信息技术
1099,DIGL,
1100,DTPI,
1101,AMTD,金融
1102,CBSI,
1103,MVSN,
1104,ALV,可选消费
1105,HRZ,
1106,BEAS,
1107,PRGN,
1108,APH,信息技术
1109,HLI,金融
1110,AMZN,可选消费
1111,LHSG,
1112,RMBS,信息技术
1113,SPOT,可选消费
1114,GPSI,
1115,NEON,信息技术
1116,Q,
1117,RFMD,信息技术
1118,PVN,
1119,ATHM,信息技术
1120,TSFW,
1121,CTV,信息技术
1122,BJ,可选消费
1123,GLC,
1124,HC,
1125,INCX,
1126,CPS,可选消费
1127,SOI,
1128,VLO,能源
1129,CNCX,
1130,YUM,可选消费
1131,MRA,
1132,HTV,
1133,JDEC,
1134,NSOL,
1135,NXLK,
1136,PRBZ,
1137,RCNC,
1138,GET,信息技术
1139,CHRW,工业
1140,ITCD,
1141,MFNX,
1142,MMCN,
1143,SCMM,
1144,PWER,
1145,CHH,可选消费
1146,AMCC,信息技术
1147,ITVU,
1148,RNWK,信息技术
1149,SPLN,
1150,AMG,金融
1151,CIT,金融
1152,HWM,材料
1153,IHF,
1154,MGM,可选消费
1155,MTD,医疗保健
1156,ADSK,信息技术
1157,CPO,
1158,TGP,能源
1159,URI,工业
1160,POWI,信息技术
1161,USWB,
1162,GNET,电信服务
1163,VRSN,信息技术
1164,KBL,
1165,BXS,
1166,PWR,工业
1167,DCLK,
1168,GETY,信息技术
1169,GTS,医疗保健
1170,MUSE,
1171,VNWK,
1172,CRGN,
1173,EXDS,
1174,ICBC,
1175,ISSX,
1176,GRA,材料
1177,MAR,可选消费
1178,BBY,可选消费
1179,SEE,材料
1180,SDH,
1181,ZD,信息技术
1182,BRCM,信息技术
1183,LVLT,电信服务
1184,SFX,
1185,HF,金融
1186,LLL,
1187,YNR,
1188,AMKR,信息技术
1189,ANSR,
1190,BRYO,
1191,ABIZ,
1192,MPWR,信息技术
1193,VRIO,可选消费
1194,FII,
1195,AMT,房地产
1196,CTZ,
1197,SRE,公用事业
1198,CMLS,可选消费
1199,INKT,医疗保健
1200,KING,信息技术
1201,MSTR,信息技术
1202,RSG,工业
1203,ABGX,
1204,ACTU,医疗保健
1205,ALGX,
1206,BVEW,
1207,CACS,
1208,CITC,
1209,MXTR,
1210,NOPT,
1211,CVG,信息技术
1212,CPRK,
1213,ECLP,信息技术
1214,ENTU,金融
1215,TERN,医疗保健
1216,TFSM,
1217,TWRS,
1218,EBAY,可选消费
1219,FOX,可选消费
1220,MNY,金融
1221,PCS,
1222,INF,
1223,ETEK,
1224,TMCS,
1225,INSP,医疗保健
1226,CBH,
1227,CFB,金融
1228,CNC,医疗保健
1229,COST,日常消费
1230,EXPD,工业
1231,FULT,金融
1232,UMG,
1233,JKHY,信息技术
1234,KSTN,
1235,JM,
1236,NE,能源
1237,NOVL,
1238,PHSY,
1239,ROST,可选消费
1240,UNH,医疗保健
1241,PLXS,信息技术
1242,ED,公用事业
1243,BRL,
1244,UCM,
1245,SCGW,
1246,COHR,信息技术
1247,AVA,公用事业
1248,PNW,公用事业
1249,COHU,信息技术
1250,FULL,金融
1251,OPTX,医疗保健
1252,HSB,
1253,UNP,工业
1254,TGT,可选消费
1255,LEE,可选消费
1256,PIR,
1257,NBTY,
1258,FDX,工业
1259,D,公用事业
1260,VOXX,可选消费
1261,VPI,
1262,SVEV,
1263,CPU,
1264,JBX,
1265,VLNC,
1266,ARDT,医疗保健
1267,GLBL,
1268,RXSD,
1269,OMG,材料
1270,INHL,
1271,AZPN,信息技术
1272,OMX,公用事业
1273,PCMS,
1274,ANAD,信息技术
1275,AAS,
1276,SUPG,
1277,SEAC,
1278,VPHM,日常消费
1279,MESG,信息技术
1280,PUMA,
1281,CVD,医疗保健
1282,APEX,
1283,MCTR,可选消费
1284,BERW,
1285,GLGC,
1286,MRCY,信息技术
1287,WDR,金融
1288,LHP,
1289,ELON,信息技术
1290,CLPA,
1291,PPE,
1292,PZL,
1293,CNXT,
1294,EXAP,
1295,ALLR,医疗保健
1296,COVD,
1297,NVDA,信息技术
1298,NITE,
1299,INTV,
1300,LEAF,信息技术
1301,CERN,医疗保健
1302,PLAB,信息技术
1303,GEMS,
1304,NL,工业
1305,BTGC,
1306,CSR,房地产
1307,GENE,医疗保健
1308,HDC,
1309,HH,
1310,IMMU,医疗保健
1311,TNL,可选消费
1312,INTL,
1313,LEN,可选消费
1314,NEWP,
1315,ALLP,
1316,ARX,信息技术
1317,KEG,
1318,SVGI,
1319,SCTC,
1320,KNT,
1321,NDB,
1322,TG,材料
1323,EMIS,
1324,TBI,工业
1325,VIA,公用事业
1326,INFS,
1327,IDXX,医疗保健
1328,CORR,
1329,AMSC,工业
1330,WATR,
1331,KRON,医疗保健
1332,ARRO,
1333,NTRX,
1334,CEGE,
1335,VICL,
1336,EGLS,
1337,GZTC,
1338,PTEN,能源
1339,LD,
1340,ALSC,
1341,SANG,信息技术
1342,SLVN,
1343,NMSS,
1344,GLFD,
1345,GWRX,
1346,NPIX,
1347,IFCI,
1348,WAVX,
1349,TXB,
1350,AVTC,
1351,OCA,金融
1352,BRKS,
1353,OAKT,
1354,RMD,医疗保健
1355,SPYG,
1356,CBXC,
1357,MYGN,医疗保健
1358,PCYC,医疗保健
1359,SFAM,
1360,HSIC,医疗保健
1361,EAGL,
1362,MDCC,
1363,PCOP,
1364,GBIX,
1365,TTP,
1366,ALXN,医疗保健
1367,ARTC,医疗保健
1368,REMC,
1369,IDTC,
1370,AXNT,
1371,SIPX,
1372,NBIX,医疗保健
1373,ZOMX,
1374,DPMI,
1375,ENMD,
1376,MMP,能源
1377,VMSI,
1378,AWRE,信息技术
1379,MBRS,
1380,ARTT,
1381,FORR,信息技术
1382,VIRS,
1383,IGTE,信息技术
1384,ILXO,
1385,RADS,信息技术
1386,EMKR,信息技术
1387,ABSC,
1388,CRXA,
1389,PHCC,金融
1390,TRMS,
1391,PGNX,医疗保健
1392,TGNT,
1393,AGS,可选消费
1394,CVTX,
1395,LYNX,
1396,SPLI,
1397,XTND,
1398,NGEN,
1399,AXTI,信息技术
1400,CMTO,
1401,CLRS,可选消费
1402,MIPS,
1403,PME,工业
1404,DRIV,
1405,LWIN,
1406,DPH,
1407,KFY,工业
1408,PER,
1409,EXBD,
1410,HLTH,
1411,ITRA,
1412,IVGN,
1413,ONXS,
1414,PRGY,
1415,SRNA,
1416,VERT,金融
1417,VIGN,
1418,WEBT,
1419,CPTL,
1420,EXAR,信息技术
1421,LSS,
1422,SKYW,工业
1423,ATW,能源
1424,BPOP,金融
1425,PHA,
1426,AXE,信息技术
1427,ARXX,
1428,PCP,工业
1429,WDC,信息技术
1430,REGN,医疗保健
1431,AMLN,
1432,INRS,
1433,MENS,
1434,CAKE,可选消费
1435,PZZA,可选消费
1436,SGY,能源
1437,CDT,医疗保健
1438,ACTM,
1439,RSYS,信息技术
1440,IFIN,
1441,MRCH,
1442,WOR,材料
1443,SRT,信息技术
1444,BRIO,
1445,ETM,
1446,TUTS,
1447,CBCF,
1448,AMRI,医疗保健
1449,PBG,
1450,ZDZ,
1451,CPTH,
1452,MKSI,信息技术
1453,MLTX,医疗保健
1454,PCLN,
1455,BOUT,
1456,IDX,
1457,WERN,工业
1458,BLNG,金融
1459,BRK,
1460,CCN,信息技术
1461,ATSN,
1462,CK,公用事业
1463,FSS,工业
1464,OSG,能源
1465,VVC,公用事业
1466,FNF,金融
1467,TFS,
1468,MTSN,信息技术
1469,CPC,材料
1470,LTRE,
1471,NCOG,
1472,LMG,
1473,VARI,工业
1474,VSEA,信息技术
1475,SFG,金融
1476,CCRT,
1477,EXTR,信息技术
1478,INFA,信息技术
1479,PXCM,
1480,RAZF,
1481,USIX,
1482,RTHM,
1483,RBK,
1484,BEAM,医疗保健
1485,LH,医疗保健
1486,RSH,
1487,INSU,
1488,PIOG,
1489,GW,
1490,ALO,
1491,CHP,工业
1492,VRC,
1493,HCA,医疗保健
1494,TRMB,信息技术
1495,OSI,金融
1496,XTO,能源
1497,HAIN,日常消费
1498,HSP,医疗保健
1499,ESA,
1500,PCCC,
1501,KG,
1502,CNX,能源
1503,CRA,日常消费
1504,CFFN,金融
1505,GS,金融
1506,BRCD,信息技术
1507,CMTN,
1508,INTI,
1509,NPNT,
1510,PRSF,
1511,RBAK,
1512,ROIA,
1513,STRM,医疗保健
1514,TWTC,电信服务
1515,VSTR,
1516,SCNT,
1517,AD,
1518,ANEN,电信服务
1519,BDY,
1520,TMBR,
1521,FST,金融
1522,SCOR,工业
1523,VZ,电信服务
1524,CYCL,
1525,LFUS,信息技术
1526,HCC,能源
1527,CHK,
1528,DLP,
1529,UCOM,
1530,ACTL,信息技术
1531,FWRD,工业
1532,SFN,日常消费
1533,ISSI,信息技术
1534,FEIC,信息技术
1535,ELNT,
1536,PHTN,
1537,TLGD,电信服务
1538,ZRAN,信息技术
1539,NOVT,信息技术
1540,MAXM,
1541,CBST,医疗保健
1542,ZIGO,信息技术
1543,ASF,
1544,CDIS,
1545,HSII,工业
1546,PLXT,信息技术
1547,RJR,
1548,TWE,
1549,APNT,
1550,CARI,
1551,DITC,电信服务
1552,FFIV,信息技术
1553,GSPN,
1554,IIXL,
1555,ISLD,
1556,JNPR,信息技术
1557,PHCM,
1558,SBAC,房地产
1559,SWCM,
1560,UTHR,医疗保健
1561,VIAN,
1562,WITC,
1563,ARBA,信息技术
1564,NPLS,
1565,KEI,工业
1566,OSIP,日常消费
1567,STXN,
1568,ATU,
1569,DSL,
1570,MND,
1571,NDSN,工业
1572,DURA,
1573,OO,
1574,WSTL,
1575,GBBK,金融
1576,NFS,
1577,SCZ,
1578,ARM,信息技术
1579,COLM,可选消费
1580,MANH,信息技术
1581,AZX,
1582,DNA,医疗保健
1583,DIGX,
1584,EFNT,
1585,HCBK,金融
1586,PDYN,信息技术
1587,TIBX,信息技术
1588,WGRD,工业
1589,ARTG,电信服务
1590,CLRN,
1591,CMRC,
1592,ENGA,
1593,FCOM,
1594,LBRT,能源
1595,PKTR,
1596,EYE,医疗保健
1597,ITT,工业
1598,XEL,公用事业
1599,EAS,
1600,ALE,公用事业
1601,TOL,可选消费
1602,BHE,信息技术
1603,SGR,
1604,NPSP,医疗保健
1605,AVIR,医疗保健
1606,BSTE,
1607,AVI,金融
1608,ALSI,
1609,TRIH,
1610,GOTO,
1611,COC,可选消费
1612,DSS,
1613,NTIQ,
1614,ASKJ,
1615,DVN,能源
1616,FCS,信息技术
1617,AGIL,
1618,HOMS,金融
1619,LOOK,电信服务
1620,NTRO,
1621,RHAT,
1622,TMWD,
1623,NOVN,
1624,FLA,
1625,ENZ,医疗保健
1626,MCO,金融
1627,PNM,
1628,IMGN,医疗保健
1629,MW,可选消费
1630,FCEL,工业
1631,QHGI,
1632,BOA,
1633,GELX,
1634,ADVP,
1635,SWBT,金融
1636,CTIC,医疗保健
1637,PSEM,信息技术
1638,PRHC,
1639,DZB,
1640,EPNY,
1641,FDRY,
1642,INAP,
1643,KANA,
1644,PPRO,
1645,SITE,可选消费
1646,VITR,
1647,ANAT,金融
1648,RGS,可选消费
1649,OKE,能源
1650,CBRL,可选消费
1651,SXT,材料
1652,BRO,金融
1653,PPD,医疗保健
1654,CNL,
1655,SCRI,
1656,CVTY,
1657,HNT,医疗保健
1658,NLI,
1659,STE,医疗保健
1660,NVR,可选消费
1661,DVA,医疗保健
1662,IMPH,
1663,XOXO,信息技术
1664,PDII,
1665,LPNT,医疗保健
1666,LAB,医疗保健
1667,NST,
1668,QSFT,信息技术
1669,NMG.A,
1670,NEU,材料
1671,WCG,医疗保健
1672,AETH,
1673,AKAM,信息技术
1674,IWOV,
1675,JNIC,
1676,PLUG,工业
1677,SCMR,
1678,TPCS,工业
1679,XMSR,
1680,BKNG,可选消费
1681,BKLY,
1682,EXC,公用事业
1683,PGN,
1684,MEE,
1685,ABI,
1686,ADP,信息技术
1687,RI,
1688,CEC,公用事业
1689,AFWY,
1690,MME,
1691,AOT,
1692,ACAI,
1693,PPDI,
1694,EGR,
1695,NAP,能源
1696,IMA,
1697,EDMC,
1698,OPWV,
1699,PTV,
1700,CFLO,
1701,CHTR,可选消费
1702,FNSR,信息技术
1703,RETK,
1704,SMMX,
1705,TLCP,
1706,VRTA,
1707,WFII,
1708,A,医疗保健
1709,UPS,工业
1710,EDSN,
1711,NXTV,
1712,DORL,
1713,WPS,
1714,EGN,能源
1715,IVC,
1716,BKH,公用事业
1717,NDE,
1718,WGR,
1719,VTS,能源
1720,TTEK,工业
1721,BARZ,
1722,NYCB,
1723,UTI,可选消费
1724,THX,
1725,WSTC,工业
1726,AMH,房地产
1727,CERS,医疗保健
1728,ICCI,
1729,SKE,材料
1730,SNWL,
1731,IN,工业
1732,CALP,日常消费
1733,TLRK,
1734,PAS,日常消费
1735,STZ,日常消费
1736,RDRT,
1737,GMST,
1738,COC.B,
1739,JHF,
1740,PKG,材料
1741,BMC,信息技术
1742,UVV,日常消费
1743,FMN,
1744,ATK,
1745,RCII,
1746,ET,能源
1747,AVNX,
1748,ISIL,信息技术
1749,NXTP,
1750,WEBM,
1751,DYN,医疗保健
1752,FLM,
1753,ACI,日常消费
1754,OHP,
1755,CECO,工业
1756,PALM,信息技术
1757,UTSI,信息技术
1758,SCIO,
1759,FLS,工业
1760,BLI,
1761,GVA,工业
1762,CVH,日常消费
1763,FSH,
1764,RLRN,信息技术
1765,CCI,房地产
1766,TRI,可选消费
1767,EXPE,可选消费
1768,APCS,
1769,MCCC,电信服务
1770,EW,医疗保健
1771,ENR,日常消费
1772,GRP,
1773,MONE,
1774,AWE,
1775,MET,金融
1776,CCMP,信息技术
1777,DDIC,
1778,KREM,
1779,PRCS,
1780,TNOX,
1781,FIC,信息技术
1782,BER,
1783,SY,信息技术
1784,HSE,
1785,MXO,
1786,KKD,可选消费
1787,ONNN,
1788,ULCM,信息技术
1789,NRG,公用事业
1790,PRS,
1791,SONS,
1792,SOV,
1793,ASCL,
1794,FCEA,
1795,THQI,
1796,PRGO,医疗保健
1797,ATVI,信息技术
1798,CIMA,
1799,DFXI,
1800,SBYN,
1801,PXLW,信息技术
1802,ICST,
1803,CRL,医疗保健
1804,CYH,医疗保健
1805,SV,
1806,VC,可选消费
1807,CPST,
1808,EXLT,
1809,ONIS,
1810,STOR,房地产
1811,DP,
1812,SUP,可选消费
1813,NCF,
1814,ETS,
1815,PFGC,日常消费
1816,BEV,
1817,TPC,工业
1818,ACLS,信息技术
1819,AVCT,
1820,CORV,医疗保健
1821,RESP,
1822,GGG,工业
1823,THOR,医疗保健
1824,ILUM,
1825,ITMN,医疗保健
1826,CVX,能源
1827,DRYR,
1828,CFBX,
1829,GTK,
1830,RIT,
1831,ABC,
1832,PDX,
1833,ACAS,金融
1834,IBOC,金融
1835,EEP,能源
1836,ACDO,
1837,YCC,
1838,PRX,医疗保健
1839,ISIP,
1840,HAE,医疗保健
1841,ALD,
1841,ALD,
1842,RCI,电信服务
1843,OVER,
1844,SLAB,信息技术
1845,WEBX,
1846,BDAL,
1847,AV,
1848,COH,
1849,MON,金融
1850,MIK,可选消费
1851,UTR,
1852,GNTA,医疗保健
1853,DTL,
1854,ELBO,
1855,PCSA,医疗保健
1856,APS,
1857,ORN,工业
1858,EP,
1859,SRCL,工业
1860,JEF,金融
1861,NMTC,医疗保健
1862,ENDP,
1863,TUNE,信息技术
1864,FBAN,
1865,HTLD,工业
1866,MWV,材料
1867,IDCO,
1868,ARG,材料
1869,RGIS,
1870,NET,信息技术
1871,CHS,可选消费
1872,PETM,可选消费
1873,CKC,
1874,SIB,
1875,AXL,可选消费
1876,ONB,金融
1877,WYE,
1878,FRK,
1879,RYL,可选消费
1880,MDC,可选消费
1881,BSG,
1882,AME,信息技术
1883,GPN,信息技术
1884,KCIN,
1885,EQRA,
1886,ILA,
1887,CATY,金融
1888,LGND,医疗保健
1889,AGRA,
1890,RMG,
1891,HPQ,信息技术
1892,ALFA,
1893,RF,金融
1894,MLR,工业
1895,WFSI,
1896,COCO,日常消费
1897,AF,金融
1898,NLS,
1899,AGRB,
1900,INET,电信服务
1901,BTU,能源
1902,RRI,公用事业
1903,WES,能源
1904,HRH,
1905,FOE,材料
1906,CMSJ,
1907,ELX,信息技术
1908,JBHT,工业
1909,SPF,
1910,MNI,
1911,SONC,可选消费
1912,HLYW,
1913,ADS,
1914,FTI,能源
1915,KFT,
1916,ORH,
1917,PNX,金融
1918,FBP,金融
1919,CEY,
1920,ARB,
1921,WHI,
1922,COP,能源
1923,CAI,工业
1924,SJM,日常消费
1925,BYD,可选消费
1926,ZMH,
1927,WBS,金融
1928,UGI,公用事业
1929,THO,可选消费
1930,SABB,
1931,TTWO,信息技术
1932,WCNX,
1933,ROOM,
1934,EVC,可选消费
1935,WRC,可选消费
1936,BE,公用事业
1937,KMR,能源
1938,CNP,公用事业
1939,CE,材料
1940,SWKS,信息技术
1941,CFC,
1942,BORL,
1943,ESI,材料
1944,FCN,工业
1945,GYI,
1946,WCN,工业
1947,ATH,金融
1948,PFG,金融
1949,RL,可选消费
1950,AAP,可选消费
1951,WTW,金融
1952,DRL,
1953,BFB,
1954,ATO,公用事业
1955,NYB,
1956,CTSH,信息技术
1957,DLM,日常消费
1958,JNS,金融
1959,RMK,
1960,PRU,金融
1961,UDI,
1962,NSCN,
1963,OSK,工业
1964,BNK,金融
1965,GXP,公用事业
1966,WCS,
1967,EDS.N,
1968,ROIAK,
1969,APPX,
1970,TSFG,
1971,BRK/A,
1972,BF/B,
1973,IDC,金融
1974,STZ/B,
1975,PCBC,金融
1976,GMSTE,
1977,PETC,
1978,FL,可选消费
1979,HUB/B,
1980,IDCC,信息技术
1981,JW/A,
1982,IMCLE,
1983,TRBS,
1984,MNST,日常消费
1985,UCBH,
1986,PFCB,公用事业
1987,JBLU,工业
1988,PCO,
1989,BIO,医疗保健
1990,HOV,可选消费
1991,MVL,
1992,FBC,金融
1993,ELAB,医疗保健
1994,PHS,
1995,SOHU,信息技术
1996,CBB,电信服务
1997,IACI,金融
1998,ALD.N,
1999,MCDTA,
2000,SEM,医疗保健
2001,VNX,
2002,SILI,
2003,AVID,信息技术
2004,MATK,日常消费
2005,IGEN,
2006,RHD,
2007,UNTD,信息技术
2008,MDCO,医疗保健
2009,FRED,
2010,FOSL,可选消费
2011,TSCO,可选消费
2012,TUES,
2013,TAPB,
2014,NTY,金融
2015,COO,医疗保健
2016,AAI,公用事业
2017,LEXR,
2018,GPRO,可选消费
2019,VRX,
2020,BIIB,医疗保健
2021,POG,
2022,HOTT,公用事业
2023,NMG/A,
2024,OVTI,信息技术
2025,INGP,
2026,NFLX,可选消费
2027,KMX,可选消费
2028,HUBB,工业
2029,CMI,工业
2030,URBN,可选消费
2031,BZH,可选消费
2032,UNA,
2033,NMGA,
2034,CMCSA,可选消费
2035,WC,
2036,FNB,金融
2037,UCOMA,
2038,KOSP,
2039,CZR,可选消费
2040,WYNN,可选消费
2041,WTR,
2042,MOGN,
2043,HUG,
2044,NUS,日常消费
2045,NCEN,
2046,AGR/A,
2047,FCE/A,
2048,RRD,工业
2049,TEX,工业
2050,AMI,
2051,DADE,
2052,NIHD,电信服务
2053,PBY,可选消费
2054,AGI,材料
2055,STA,
2056,YELL,
2057,VRTSE,
2058,NKTR,医疗保健
2059,STRA,可选消费
2060,AGR,公用事业
2061,EVG,
2062,FHN,金融
2063,FMT,
2064,PPC,日常消费
2065,FLIR,信息技术
2066,LAUR,可选消费
2067,JWA,
2068,ONXX,日常消费
2069,WOOF,可选消费
2070,CME,金融
2071,BCO,工业
2072,TSO,
2073,TTC,工业
2074,CMCSK,可选消费
2075,BRKA,
2076,Y,金融
2077,MFE,
2078,KWK,
2079,PLMO,
2080,KMRT,
2081,LSTR,工业
2082,STLD,材料
2083,EWBC,金融
2084,RAI,日常消费
2085,EASI,
2086,JOYG,
2087,ARO,
2088,PXP,能源
2089,PENN,可选消费
2090,CSE,金融
2091,CDL,
2092,MHS,日常消费
2093,UNT,
2094,SGMS,
2095,MSM,工业
2096,CNO,金融
2097,MOLXE,
2098,SWN,能源
2099,FMD,金融
2100,SSI,
2101,MSA,工业
2102,ZQK,
2103,AGP,日常消费
2104,TASR,
2105,HEW,
2106,DTV,可选消费
2107,ISG,金融
2108,TPX,可选消费
2109,CMC,材料
2110,SSD,工业
2111,MTH,可选消费
2112,COG,
2113,DNR,
2114,POOL,可选消费
2115,NOV,能源
2116,LNG,能源
2117,ROV,
2118,TSRA,
2119,AIZ,金融
2120,KCI,日常消费
2121,LI,可选消费
2122,RRC,能源
2123,SIE,
2124,PHLY,
2125,BEBE,
2126,XEC,能源
2127,SHLD,
2128,ADCTD,
2129,JNC,
2130,PNRA,可选消费
2131,PCU,
2132,ISRG,医疗保健
2133,PETCE,
2134,GNW,金融
2135,URS,工业
2136,MNT,
2137,BCF,
2138,KAR,工业
2139,CBG,
2140,CRM,信息技术
2141,LBTYA,可选消费
2142,CEM,
2143,IACID,
2144,MERQE,
2145,THE,
2146,MCIP,
2147,TLWT,
2148,FTO,能源
2149,SM,能源
2150,JAH,可选消费
2151,CWTR,
2152,KYPH,
2153,NVT,工业
2154,WLK,材料
2155,GOOG,信息技术
2156,CLF,材料
2157,HOC,
2158,JLG,
2159,WLT,
2160,CHRWD,
2161,EAC,金融
2162,MGI,信息技术
2163,COGT,医疗保健
2164,CDNS,信息技术
2165,CKH,能源
2166,RS,材料
2167,JLL,房地产
2168,WCC,工业
2169,LII,工业
2170,BLK,金融
2171,VCLK,
2172,CRI,可选消费
2173,MOS,材料
2174,KNX,工业
2175,THG,金融
2176,TIE,材料
2177,NFP,金融
2178,NLC,工业
2179,NWSA,可选消费
2180,NWS,可选消费
2181,YRCW,
2182,MS,金融
2183,SCHW,金融
2184,CVA,工业
2185,ANT,
2186,FSLB,
2187,LVS,可选消费
2188,CRS,材料
2189,MSCC,信息技术
2190,RES,能源
2191,HOLX,医疗保健
2192,MVK,
2193,SPN,
2194,OIS,能源
2195,FIS,金融
2196,FCL,
2197,WTI,能源
2198,HXL,工业
2199,DRS,工业
2200,AH,
2201,UAG,
2202,HANS,
2203,NTLID,
2204,HUN,材料
2205,NDAQ,金融
2206,UHAL,工业
2207,ABBI,
2208,GME,可选消费
2209,PA,
2210,HES,能源
2211,BEAV,工业
2212,EXP,材料
2213,NUAN,信息技术
2214,NTRI,可选消费
2215,GHL,金融
2216,PAY,信息技术
2217,OII,能源
2218,TTI,能源
2219,CXW,房地产
2220,WMG,可选消费
2221,GLYT,
2222,PVH,可选消费
2223,KEX,工业
2224,GDI,
2225,HLX,能源
2226,FORM,信息技术
2227,LEAP,金融
2228,NSR,材料
2229,HOG,可选消费
2230,HAWK,信息技术
2231,DISCA,可选消费
2232,BIG,
2233,BGC,金融
2234,JDSUD,
2235,CIEND,
2236,LCC,公用事业
2237,AQNT,
2238,AYI,工业
2239,AMP,金融
2240,BOT,
2241,SAF,
2242,OS,信息技术
2243,RHT,信息技术
2244,EQIX,房地产
2245,DWA,可选消费
2246,BKD,医疗保健
2247,ICE,金融
2248,CAR,工业
2249,ETFC,金融
2250,SIRO,医疗保健
2251,SVVS,电信服务
2252,ILMN,医疗保健
2253,VMED,
2254,CHAP,
2255,CXG,能源
2256,TEG,公用事业
2257,TRV,金融
2258,AEO,可选消费
2259,RGC,医疗保健
2260,NRPH,
2261,UAUA,
2262,PBCTD,
2263,BDC,信息技术
2264,DKS,可选消费
2265,DRC,能源
2266,WNR,能源
2267,NYX,信息技术
2268,HK,
2269,ISE,
2270,HOT,可选消费
2271,M,可选消费
2272,BUCY,工业
2273,CROX,可选消费
2274,BKC,
2275,EQ,医疗保健
2276,MA,金融
2277,LCAPA,
2278,LINTA,
2279,ROC,
2280,JCG,
2281,CTCM,可选消费
2282,ITRI,信息技术
2283,EME,工业
2284,WNG,
2285,HERO,
2286,SPWR,
2287,VIA.B,
2288,JAVA,
2289,TRA,材料
2290,VMI,工业
2291,ANSS,信息技术
2292,GLDN,
2293,BLUD,日常消费
2294,MORN,金融
2295,UA,可选消费
2296,WYN,
2297,MTN,可选消费
2298,BMRN,医疗保健
2299,LKQX,
2300,LTM,工业
2301,GFIG,
2302,IHS,电信服务
2303,HBI,可选消费
2304,RVBD,信息技术
2305,JAVAD,
2306,CW,工业
2307,CENX,材料
2308,ITC,公用事业
2309,WU,信息技术
2310,AWI,工业
2311,SAI,
2312,BYI,可选消费
2313,HWAY,
2314,TT,工业
2315,WGOV,
2316,DRQ,
2317,PHRM,
2318,ORA,公用事业
2319,DLB,信息技术
2320,TDG,工业
2321,OC,工业
2322,HTZ,工业
2323,IAR,
2324,KBR,工业
2325,NMX,
2326,SPR,工业
2327,FSLR,信息技术
2328,CEDC,
2329,OXPS,金融
2330,ANR,
2331,CMG,可选消费
2332,BARE,日常消费
2333,CDE,材料
2334,WW,可选消费
2335,UAPH,
2336,ME,医疗保健
2337,NX,工业
2338,WMS,工业
2339,DPTR,
2340,BRKR,医疗保健
2341,WHQ,
2342,BBG,能源
2343,GLG,
2344,BRY,能源
2345,WRB,金融
2346,XCO,
2347,TWC,可选消费
2348,CLWR,电信服务
2349,CRK,能源
2350,CLC,工业
2351,PVA,
2352,TDY,工业
2353,TFSL,金融
2354,ENER,金融
2355,SCHN,
2356,GTI,材料
2357,SLGN,材料
2358,CMP,材料
2359,CPX,
2360,ACM,工业
2361,CLR,能源
2362,GDP,
2363,OMI,医疗保健
2364,SFY,
2365,ATVID,
2366,BZP,
2367,CRZO,能源
2368,PSYS,
2369,ARD,材料
2370,ICO,能源
2371,BRC,工业
2372,FTR,
2373,CNQR,信息技术
2374,ATHR,
2375,NUVA,医疗保健
2376,SYUT,日常消费
2377,NWA,
2378,SLH,信息技术
2379,DFS,金融
2380,RGA.A,
2381,DISAD,
2382,WBC,工业
2383,MASI,医疗保健
2384,CXO,能源
2385,EXH,
2386,VMW,信息技术
2387,AXB,
2388,ROL,工业
2389,PRA,金融
2390,RAH,日常消费
2391,FNFG,金融
2392,SPWRA,信息技术
2393,CLHB,
2394,CASY,日常消费
2395,CHTT,日常消费
2396,NVE,公用事业
2397,RDK,
2398,NPBC,金融
2399,NWN,公用事业
2400,MOGA,
2401,NJR,公用事业
2402,SUSQ,金融
2403,ISIS,
2404,HBHC,
2405,MATW,可选消费
2406,AMED,医疗保健
2407,MWW,工业
2408,PRSP,信息技术
2409,MGLN,医疗保健
2410,NAL,金融
2411,ISBC,金融
2412,TDC,信息技术
2413,CLH,工业
2414,LG,
2415,CMTL,信息技术
2416,SJI,公用事业
2417,SWX,公用事业
2418,WST,医疗保健
2419,RLI,金融
2420,RGLD,材料
2421,SIGI,金融
2422,SF,金融
2423,RNT,
2424,RKT,金融
2425,CRR,
2426,ZNT,金融
2427,LIFE,
2428,MDRX,
2429,MANT,信息技术
2430,POR,公用事业
2431,MV,
2432,MXB,
2433,SD,能源
2434,PCR,
2435,RBC,工业
2436,QSII,
2437,STFC,金融
2438,JACK,可选消费
2439,MD,医疗保健
2440,SQNM,医疗保健
2441,GBCI,金融
2442,AUXL,医疗保健
2443,HURN,工业
2444,HS,房地产
2445,ATHN,
2446,AGL,医疗保健
2447,ESL,工业
2448,UNS,公用事业
2449,CHE,医疗保健
2450,BKE,可选消费
2451,GMCR,日常消费
2452,FFIN,金融
2453,CHSI,日常消费
2454,SVR,电信服务
2455,CPLA,可选消费
2456,STAR,金融
2457,ESE,工业
2458,CYBS,电信服务
2459,BBBB,信息技术
2460,OMTR,
2461,SBH,可选消费
2462,CNK,可选消费
2463,LMDIA,可选消费
2464,PM,日常消费
2465,V,金融
2466,AGCO,工业
2467,AAN,可选消费
2468,ARRS,信息技术
2469,DNDN,
2470,IPI,材料
2471,DDUP,
2472,DPS,
2473,LO,日常消费
2474,PAG,可选消费
2475,ROVI,
2476,SYNT,信息技术
2477,SYNA,信息技术
2478,BRK.A,
2479,STEC,金融
2480,LPS,信息技术
2481,SNI,可选消费
2482,SHAW,工业
2483,RAX,信息技术
2484,FCE.A,
2485,ATLS,
2486,MELI,信息技术
2487,INT,
2488,HLS,
2489,DBRN,
2490,HL,材料
2491,AON,金融
2492,WBMD,信息技术
2493,FDML,可选消费
2494,CACC,金融
2495,SCCO,材料
2496,SLXP,医疗保健
2497,EVVV,日常消费
2498,LYV,可选消费
2499,ABII,日常消费
2500,SOA,材料
2501,CFL,日常消费
2502,BEXP,能源
2503,MJN,日常消费
2504,FCNCA,金融
2505,BEZ,工业
2506,DECK,可选消费
2507,BRK.B,
2508,TIVO,信息技术
2509,NETL,
2510,LULU,可选消费
2511,PCX,金融
2512,DAN,可选消费
2513,CLGX,信息技术
2514,ETFCD,
2515,CSTR,金融
2516,GSIC,
2517,AMMD,日常消费
2518,APKT,信息技术
2519,NEE,公用事业
2520,WSO,工业
2521,SBNY,
2522,THS,日常消费
2523,MSCI,金融
2524,WSC,工业
2525,ALR,医疗保健
2526,TGI,工业
2527,ARUN,信息技术
2528,ANV,
2529,SFSF,信息技术
2530,DISCK,可选消费
2531,LUK,
2532,KRO,材料
2533,CFN,医疗保健
2534,TEN,能源
2535,ISLN,信息技术
2536,TLCR,
2537,VRSK,工业
2538,ULTA,可选消费
2539,FTNT,信息技术
2540,LSTZA,可选消费
2541,MSI,信息技术
2542,BF.B,
2543,ASNA,
2544,HUB.B,
2545,CHMT,材料
2546,MMR,能源
2547,JW.A,
2548,GWR,工业
2549,GEN,信息技术
2550,CIE,
2551,PPO,工业
2552,LUFK,能源
2553,WWD,工业
2554,ROSE,金融
2555,IPGP,信息技术
2556,PANL,工业
2557,HMSY,医疗保健
2558,VRUS,
2559,OPEN,房地产
2560,WFM,日常消费
2561,N,信息技术
2562,DAR,日常消费
2563,DTG,
2564,SGEN,医疗保健
2565,HFC,
2566,RBN,工业
2567,CPHD,医疗保健
2568,OAS,
2569,CBOE,
2570,TSLA,可选消费
2571,MCP,
2572,QLIK,信息技术
2573,ODFL,工业
2574,CVI,能源
2575,QEP,能源
2576,BWC,金融
2577,UNFI,日常消费
2578,PSMT,日常消费
2579,HSNI,可选消费
2580,WWW,可选消费
2581,UIL,公用事业
2582,QCOR,医疗保健
2583,DPZ,可选消费
2584,THRX,医疗保健
2585,DMND,日常消费
2586,JAZZ,医疗保健
2587,EM,可选消费
2588,EXPR,
2589,SWI,信息技术
2590,SIX,可选消费
2591,LPLA,金融
2592,TFM,可选消费
2593,VSAT,信息技术
2594,ALGN,医疗保健
2595,JOY,工业
2596,CVLT,信息技术
2597,BAH,信息技术
2598,FRC,
2599,FLT,
2600,EA,信息技术
2601,DFG,金融
2602,ARIA,医疗保健
2603,PB,金融
2604,RRR,可选消费
2605,GNRC,工业
2606,MMI,金融
2607,BKU,金融
2608,ACTG,工业
2609,MDVN,医疗保健
2610,CFX,
2611,HHC,
2612,OCN,
2613,CAB,可选消费
2614,VVUS,
2615,GPK,材料
2616,GTLS,工业
2617,ABVT,电信服务
2618,MSG,
2619,TRGP,能源
2620,AL,工业
2621,GNC,
2622,ULTI,信息技术
2623,CSGP,工业
2624,LNKD,信息技术
2625,HTSI,日常消费
2626,AOS,工业
2627,MIDD,工业
2628,INGR,日常消费
2629,LKQ,可选消费
2630,DSW,
2631,LQDT,可选消费
2632,SSNC,信息技术
2633,MATX,工业
2634,HII,工业
2635,FIO,信息技术
2636,HSH,日常消费
2637,ARNA,医疗保健
2638,MPC,能源
2639,AMCX,可选消费
2640,AWAY,
2641,DNKN,可选消费
2642,KMPR,金融
2643,DDD,信息技术
2644,SPB,日常消费
2645,SHOO,可选消费
2646,MIC,工业
2647,LMCA,
2648,MMS,信息技术
2649,MDLZ,日常消费
2650,TCBI,金融
2651,APO,金融
2652,FBHS,
2653,XLS,工业
2654,XYL,工业
2655,GRPN,可选消费
2656,GPOR,能源
2657,STRZA,可选消费
2658,LPI,
2659,TRIP,可选消费
2660,WPX,能源
2661,AXLL,材料
2662,ACT,金融
2663,AFSI,金融
2664,TMH,医疗保健
2665,FNP,
2666,KFN,
2667,DK,能源
2668,ALSN,可选消费
2669,VNTV,
2670,BRS,
2671,OPK,医疗保健
2672,INFI,
2673,POL,
2674,WEX,信息技术
2675,FET,能源
2676,MRC,工业
2677,SPLK,信息技术
2678,MHFI,
2679,TMUS,电信服务
2680,PSX,能源
2681,FB,
2682,PRXL,医疗保健
2683,PRAA,金融
2684,ENS,信息技术
2685,GWRE,信息技术
2686,BKW,可选消费
2687,NOW,信息技术
2688,FOXA,可选消费
2689,AEGR,医疗保健
2690,PANW,信息技术
2691,ALNY,医疗保健
2692,LL,
2693,CSOD,信息技术
2694,UBNT,
2695,BLMN,可选消费
2696,LVNTA,可选消费
2697,FNGN,金融
2698,CLDX,医疗保健
2699,YELP,信息技术
2700,TYL,信息技术
2701,LDOS,信息技术
2702,MDSO,医疗保健
2703,SAVE,
2704,FIVE,可选消费
2705,ADT,工业
2706,KRFT,日常消费
2707,RLGY,
2708,WWAV,日常消费
2709,WDAY,信息技术
2710,BWLD,可选消费
2711,ZNGA,信息技术
2712,RH,可选消费
2713,GHC,可选消费
2714,MOG.A,
2715,LB,能源
2716,PTC,信息技术
2717,SUNE,信息技术
2718,DGI,工业
2719,PBYI,医疗保健
2720,SSTK,信息技术
2721,LNCO,
2722,SCTY,工业
2723,CONN,
2724,ICPT,医疗保健
2725,ABBV,医疗保健
2726,AAL,工业
2727,VHI,材料
2728,GEVA,医疗保健
2729,DXCM,医疗保健
2730,KS,材料
2731,SEMG,能源
2732,RXN,
2733,BERY,材料
2734,FANG,能源
2735,ZTS,医疗保健
2736,KATE,可选消费
2737,TRAK,信息技术
2738,PF,日常消费
2739,GOOGL,信息技术
2740,BFAM,可选消费
2741,SEAS,
2742,UMPQ,金融
2743,PACW,金融
2744,AKRX,
2745,PCRX,医疗保健
2746,SLCA,材料
2747,VOYA,金融
2748,MNKD,医疗保健
2749,DATA,信息技术
2750,CDW,信息技术
2751,HDS,工业
2752,SNX,信息技术
2753,IDIX,医疗保健
2754,GSAT,
2755,ACHC,医疗保健
2756,VRNT,信息技术
2757,ATHL,能源
2758,EVHC,医疗保健
2759,SFM,日常消费
2760,EEFT,信息技术
2761,CAVM,信息技术
2762,SYA,金融
2763,CST,可选消费
2764,FEYE,
2765,QVCA,
2766,RCPT,医疗保健
2767,AGIO,医疗保健
2768,AR,能源
2769,BURL,可选消费
2770,COMM,信息技术
2771,OZRK,
2772,ACAD,医疗保健
2773,PRI,金融
2774,MUSA,可选消费
2775,TWTR,信息技术
2776,HMHC,可选消费
2777,AVNR,医疗保健
2778,JCOM,
2779,ANTM,
2780,BLUE,医疗保健
2781,XON,
2782,ARMK,可选消费
2783,CQH,
2784,ASB,金融
2785,WBA,日常消费
2786,SAM,日常消费
2787,QRVO,信息技术
2788,XPO,工业
2789,MKTX,金融
2790,EPE,
2791,PAH,
2792,SC,金融
2793,ES,公用事业
2794,VGR,日常消费
2795,OA,工业
2796,IPXL,医疗保健
2797,AMSG,医疗保健
2798,NWE,公用事业
2799,ALGT,工业
2800,KW,房地产
2801,EPAM,信息技术
2802,SKX,可选消费
2803,PVTB,金融
2804,MOH,医疗保健
2805,FICO,信息技术
2806,PBF,能源
2807,RICE,
2808,ASPX,金融
2809,OUT,可选消费
2810,ABMD,医疗保健
2811,WETF,
2812,ON,信息技术
2813,CLVS,
2814,ALLY,金融
2815,GRUB,可选消费
2816,IMS,医疗保健
2817,LQ,可选消费
2818,SABR,信息技术
2819,CEB,工业
2820,DYAX,医疗保健
2821,WAL,金融
2822,ANAC,金融
2823,VAC,可选消费
2824,EIGI,信息技术
2825,RARE,医疗保健
2826,NAVI,金融
2827,ACIW,信息技术
2828,INFN,信息技术
2829,CBPO,医疗保健
2830,BWXT,工业
2831,POST,日常消费
2832,COTY,日常消费
2833,ANET,信息技术
2834,SERV,工业
2835,TGNA,可选消费
2836,GIII,可选消费
2837,IBKC,金融
2838,NVAX,医疗保健
2839,LAD,可选消费
2840,EPC,日常消费
2841,ZBH,医疗保健
2842,HALO,医疗保健
2843,ZG,信息技术
2844,DWRE,信息技术
2845,PFPT,信息技术
2846,EVER,金融
2847,PTLA,医疗保健
2848,NSAM,
2849,KITE,医疗保健
2850,RDUS,材料
2851,CTLT,医疗保健
2852,SYF,金融
2853,LMCK,
2854,HCSG,工业
2855,VIAV,信息技术
2856,MBFI,金融
2857,INSY,
2858,WTFC,金融
2859,NTCT,信息技术
2860,ABCO,金融
2861,BLKB,信息技术
2862,TXRH,可选消费
2863,PBH,医疗保健
2864,HOMB,金融
2865,WRK,
2866,IBKR,金融
2867,OGS,公用事业
2868,CFG,金融
2869,CALM,日常消费
2870,CMN,
2871,LNCE,日常消费
2872,CHDN,可选消费
2873,HPY,信息技术
2874,MSGN,可选消费
2875,RSPP,能源
2876,CDK,信息技术
2877,ZAYO,电信服务
2878,VWR,医疗保健
2879,CACI,信息技术
2880,PDCE,能源
2881,CAA,可选消费
2882,MNRO,可选消费
2883,ASGN,工业
2884,OMF,金融
2885,PAYC,信息技术
2886,KEYS,信息技术
2887,LBRDK,可选消费
2888,INCR,医疗保健
2889,PRAH,医疗保健
2890,OLED,信息技术
2891,WAFD,金融
2892,SBGI,可选消费
2893,BECN,工业
2894,OPHT,
2895,VEEV,医疗保健
2896,ITCI,医疗保健
2897,NGHC,金融
2898,ZEN,信息技术
2899,TRCO,可选消费
2900,JUNO,医疗保健
2901,IONS,医疗保健
2902,IART,医疗保健
2903,BGCP,
2904,ELLI,信息技术
2905,MTSI,信息技术
2906,IAC,信息技术
2907,STL,金融
2908,BGS,日常消费
2909,JJSF,日常消费
2910,SAFM,日常消费
2911,SAIC,信息技术
2912,DPLO,日常消费
2913,VSTO,
2914,HA,工业
2915,SATS,电信服务
2916,SR,公用事业
2917,VA,工业
2918,GDDY,信息技术
2919,SPGI,金融
2920,BKFS,
2921,TSRO,医疗保健
2922,TRU,工业
2923,UNVR,工业
2924,HRI,工业
2925,CABO,可选消费
2926,KHC,日常消费
2927,PYPL,信息技术
2928,BUFF,日常消费
2929,ENTG,信息技术
2930,PNFP,金融
2931,CHFC,
2932,NVRO,医疗保健
2933,FIT,信息技术
2934,DW,
2935,EXEL,医疗保健
2936,LITE,信息技术
2937,SRPT,医疗保健
2938,BCPC,材料
2939,ARNC,材料
2940,HTH,金融
2941,LOGM,信息技术
2942,WAGE,工业
2943,HQY,医疗保健
2944,HPE,信息技术
2945,CSRA,
2946,CMD,
2947,CPE,能源
2948,PEGA,信息技术
2949,HOPE,金融
2950,UAA,可选消费
2951,EVR,金融
2952,JBT,工业
2953,LOPE,可选消费
2954,FMSA,能源
2955,CBU,金融
2956,FWONK,可选消费
2957,LCII,可选消费
2958,NXST,可选消费
2959,RP,信息技术
2960,SQ,信息技术
2961,FIZZ,日常消费
2962,ICUI,医疗保健
2963,PEN,医疗保健
2964,WBT,工业
2965,B,工业
2966,DXC,信息技术
2967,DORM,可选消费
2968,TCF,金融
2969,LSXMA,可选消费
2970,LSXMK,可选消费
2971,CDEV,
2972,EXAS,医疗保健
2973,ILG,工业
2974,PLAY,可选消费
2975,SUM,材料
2976,COTV,医疗保健
2977,USFD,日常消费
2978,SAGE,医疗保健
2979,BHGE,
2980,FCFS,金融
2981,PODD,医疗保健
2982,AVXS,医疗保健
2983,FTV,信息技术
2984,ANDV,能源
2985,IRBT,可选消费
2986,FGEN,医疗保健
2987,ONCE,医疗保健
2988,FHB,金融
2989,HEI,工业
2990,STMP,可选消费
2991,TREE,金融
2992,TWOU,
2993,HUBS,信息技术
2994,VVV,可选消费
2995,FUL,材料
2996,NEOG,医疗保健
2997,ROLL,
2998,IQV,医疗保健
2999,NGVT,材料
3000,VSM,工业
3001,NTNX,信息技术
3002,TREX,工业
3003,TPR,可选消费
3004,GDOT,金融
3005,MTDR,能源
3006,RNG,电信服务
3007,TNET,工业
3008,NEWR,信息技术
3009,YUMC,可选消费
3010,LW,日常消费
3011,COLB,金融
3012,SSB,金融
3013,EHC,医疗保健
3014,WP,信息技术
3015,SYNH,医疗保健
3016,KLXI,工业
3017,BPMC,医疗保健
3018,OLLI,可选消费
3019,GMED,医疗保健
3020,CNDT,信息技术
3021,HGV,可选消费
3022,PK,房地产
3023,JELD,工业
3024,ARRY,信息技术
3025,PRLB,工业
3026,FMI,医疗保健
3027,LOXO,医疗保健
3028,ETSY,可选消费
3029,PLNT,可选消费
3030,ANAB,医疗保健
3031,QRTEA,可选消费
3032,VIRT,金融
3033,PSTG,信息技术
3034,JAG,
3035,SNAP,信息技术
3036,MULE,信息技术
3037,CBRE,房地产
3038,QLYS,信息技术
3039,INGN,医疗保健
3040,ERI,
3041,MTCH,信息技术
3042,TWLO,信息技术
3043,OKTA,信息技术
3044,FND,可选消费
3045,AMN,医疗保健
3046,SRCI,
3047,CHGG,信息技术
3048,PCTY,工业
3049,BOX,信息技术
3050,TDOC,医疗保健
3051,VST,公用事业
3052,EVRG,公用事业
3053,HWC,金融
3054,AMRX,医疗保健
3055,AAXN,
3056,AEL,金融
3057,WYND,
3058,MDGL,医疗保健
3059,FOLD,医疗保健
3060,SUPN,医疗保健
3061,TTD,信息技术
3062,COUP,信息技术
3063,ATUS W,
3064,OZK,金融
3065,ATGE,可选消费
3066,WWE,可选消费
3067,AVNS,医疗保健
3068,BHF,金融
3069,CVBF,金融
3070,VG,电信服务
3071,GATX,工业
3072,DWDP,
3073,ROKU,可选消费
3074,RAMP,信息技术
3075,MMSI,医疗保健
3076,HEI.A,
3077,EBS,医疗保健
3078,BKI,信息技术
3079,CARG,可选消费
3080,MDB,信息技术
3081,EPAY,信息技术
3082,LHCG,医疗保健
3083,RGEN,医疗保健
3084,ATUS,电信服务
3085,AKCA,医疗保健
3086,USNA,日常消费
3087,ITGR,医疗保健
3088,OMCL,医疗保健
3089,GHDX,医疗保健
3090,FIVN,信息技术
3091,AJRD,工业
3092,EXPO,工业
3093,WDFC,日常消费
3094,ALRM,信息技术
3095,CLDR,信息技术
3096,TNDM,医疗保健
3097,QTWO,信息技术
3098,ENV,信息技术
3099,TERP,公用事业
3100,GKOS,医疗保健
3101,GBT,医疗保健
3102,AYX,信息技术
3103,GLIBA,电信服务
3104,ZS,信息技术
3105,DBX,信息技术
3106,ROG,信息技术
3107,IRDM,电信服务
3108,AVGO,信息技术
3109,FOXF,可选消费
3110,EAF,工业
3111,DOCU,信息技术
3112,CDAY,
3113,KWR,材料
3114,CSFL,金融
3115,ARES,金融
3116,BLD,可选消费
3117,BL,信息技术
3118,ADSW,工业
3119,CVNA,可选消费
3120,EQH,金融
3121,PS,信息技术
3122,AWR,公用事业
3123,CCOI,电信服务
3124,ENSG,医疗保健
3125,KKR,金融
3126,MRTX,医疗保健
3127,IOVA,医疗保健
3128,SEDG,信息技术
3129,TGE,能源
3130,EVBG,信息技术
3131,SMAR,信息技术
3132,AVLR,信息技术
3133,AUB,金融
3134,ENPH,工业
3135,RPD,信息技术
3136,KDP,日常消费
3137,TLRY,医疗保健
3138,GL,金融
3139,UNF,工业
3140,PRO,信息技术
3141,CNMD,医疗保健
3142,IPHI,信息技术
3143,UI,信息技术
3144,LBRDA,可选消费
3145,SHAK,可选消费
3146,WING,可选消费
3147,MEDP,医疗保健
3148,ALLK,医疗保健
3149,CWT,公用事业
3150,LHX,信息技术
3151,ARWR,医疗保健
3152,EE,能源
3153,AIN,工业
3154,IIVI,
3155,ELAN,医疗保健
3156,ABCB,金融
3157,INDB,金融
3158,PEGI,公用事业
3159,NTRA,医疗保健
3160,RETA,医疗保健
3161,FTDR,可选消费
3162,GH,医疗保健
3163,ALLO,医疗保健
3164,PLAN,信息技术
3165,YETI,可选消费
3166,BKR,能源
3167,NLOK,
3168,UFPI,工业
3169,MYOK,医疗保健
3170,J,工业
3171,TFC,金融
3172,VIAC,
3173,BLDR,工业
3174,SFNC,金融
3175,NEO,医疗保健
3176,PTCT,医疗保健
3177,AXSM,医疗保健
3178,DCPH,医疗保健
3179,ETRN,能源
3180,KOD,医疗保健
3181,MRNA,医疗保健
3182,QDEL,医疗保健
3183,XLRN,医疗保健
3184,ACIA,信息技术
3185,CNNE,可选消费
3186,APLS,医疗保健
3187,WTRG,公用事业
3188,OPCH,医疗保健
3189,FHI,金融
3190,MNTA,医疗保健
3191,CCXI,医疗保健
3192,TMHC,可选消费
3193,PFSI,金融
3194,KNSL,金融
3195,VVNT,信息技术
3196,FTSV,医疗保健
3197,VRT,工业
3198,AAON,工业
3199,EHTH,金融
3200,WTS,工业
3201,PINC,医疗保健
3202,VRNS,信息技术
3203,FRPT,日常消费
3204,IRTC,医疗保健
3205,GOLF,可选消费
3206,RTX,工业
3207,EIDX,医疗保健
3208,TENB,信息技术
3209,SVMK,
3210,PRNB,医疗保健
3211,ACA,工业
3212,ALEC,医疗保健
3213,LYFT,工业
3214,SCL,材料
3215,FELE,工业
3216,DIOD,信息技术
3217,SHEN,电信服务
3218,SAIA,工业
3219,MSGS,可选消费
3220,DNLI,医疗保健
3221,ZM,信息技术
3222,PINS,信息技术
3223,ABM,工业
3224,CWST,工业
3225,FATE,医疗保健
3226,APPF,信息技术
3227,RDFN,房地产
3228,TPTX,医疗保健
3229,BYND,日常消费
3230,PSN,信息技术
3231,UBER,信息技术
3232,AVTR,医疗保健
3233,FSLY,信息技术
3234,INO,医疗保健
3235,LPSN,信息技术
3236,INSM,医疗保健
3237,SPSC,信息技术
3238,NVTA,
3239,BAND,信息技术
3240,NKLA,可选消费
3241,CTVA,日常消费
3242,CRWD,信息技术
3243,CHWY,可选消费
3244,WORK,信息技术
3245,GO,可选消费
3246,IAA,可选消费
3247,BBIO,医疗保健
3248,CHNG,医疗保健
3249,KRTX,医疗保健
3250,STAA,医疗保健
3251,TGTX,医疗保健
3252,BX,金融
3253,LGIH,可选消费
3254,RUN,工业
3255,SAIL,信息技术
3256,NFE,能源
3257,MDLA,信息技术
3258,LVGO,医疗保健
3259,DKNG,信息技术
3260,OSTK,
3261,BMCH,可选消费
3262,VSLR,公用事业
3263,EXPI,房地产
3264,TWST,医疗保健
3265,PLMR,金融
3266,IMVT,医疗保健
3267,DT,信息技术
3268,SRNE,
3269,TMX,可选消费
3270,TRUP,医疗保健
3271,MCRB,医疗保健
3272,WKHS,可选消费
3273,SPCE,工业
3274,LPRO,金融
3275,VLDR,工业
3276,CVET,医疗保健
3277,SWAV,医疗保健
3278,NOVA,公用事业
3279,TXG,医疗保健
3280,NVST,医疗保健
3281,DDOG,信息技术
3282,PTON,可选消费
3283,LUMN,电信服务
3284,APPS,信息技术
3285,AQUA,公用事业
3286,HYLN,
3287,VIR,医疗保健
3288,AVNT,材料
3289,AIMC,工业
3290,PRG,可选消费
3291,VCYT,医疗保健
3292,APPN,信息技术
3293,CDLX,信息技术
3294,UPWK,信息技术
3295,RIDE,
3296,CRNC,信息技术
3297,ADV,信息技术
3298,SWTX,医疗保健
3299,PACB,医疗保健
3300,MGNI,信息技术
3301,CDNA,医疗保健
3302,WK,信息技术
3303,RCKT,医疗保健
3304,EDIT,医疗保健
3305,NTLA,医疗保健
3306,SFIX,可选消费
3307,ARVN,医疗保健
3308,LAZR,可选消费
3309,DM,信息技术
3310,PGNY,医疗保健
3311,BILL,信息技术
3312,EGHT,电信服务
3313,KTOS,工业
3314,OVV,能源
3315,CELH,日常消费
3316,REGI,能源
3317,AMC,可选消费
3318,AHCO,医疗保健
3319,GOEV,可选消费
3320,ONEM,医疗保健
3321,REYN,日常消费
3322,AXON,工业
3323,RCM,医疗保健
3324,AMRS,
3325,CHX,能源
3326,SONO,可选消费
3327,SDGR,医疗保健
3328,PPBI,金融
3329,RIOT,信息技术
3330,MARA,信息技术
3331,IBRX,医疗保健
3332,REZI,可选消费
3333,CHPT,工业
3334,ABG,可选消费
3335,NSTG,
3336,ATKR,工业
3337,KTB,可选消费
3338,CARR,可选消费
3339,OTIS,工业
3340,APG,工业
3341,MPLN,医疗保健
3342,SKLZ,信息技术
3343,AIT,工业
3344,SFBS,金融
3345,NARI,医疗保健
3346,MED,日常消费
3347,SGRY,医疗保健
3348,SPT,信息技术
3349,FOUR,信息技术
3350,ZI,信息技术
3351,VRM,
3352,AZEK,材料
3353,MP,材料
3354,ATRC,医疗保健
3355,FRHC,金融
3356,MC,金融
3357,SMPL,日常消费
3358,AMEH,
3359,VNE,可选消费
3360,LMND,金融
3361,JAMF,信息技术
3362,NCNO,信息技术
3363,BBWI,可选消费
3364,EXLS,信息技术
3365,MXL,信息技术
3366,LTHM,
3367,PHR,医疗保健
3368,SITM,信息技术
3369,BIGC,可选消费
3370,DCT,工业
3371,QS,信息技术
3372,OSH,医疗保健
3373,SKY,可选消费
3374,PRFT,信息技术
3375,ONTO,信息技术
3376,WD,金融
3377,ZWS,工业
3378,MNDT,信息技术
3379,SWCH,信息技术
3380,CERE,医疗保健
3381,SNOW,信息技术
3382,ASAN,信息技术
3383,LCID,可选消费
3384,DEN,能源
3385,PLTR,信息技术
3386,BSY,信息技术
3387,RRX,工业
3388,CTRA,能源
3389,WOLF,信息技术
3390,GPI,可选消费
3391,CYRX,医疗保健
3392,LOB,金融
3393,HLNE,金融
3394,MGY,能源
3395,FOCS,金融
3396,SI,
3397,ZNTL,医疗保健
3398,RLAY,医疗保健
3399,VNT,信息技术
3400,EBC,金融
3401,MSP,信息技术
3402,MCFE,工业
3403,FUBO,可选消费
3404,LESL,医疗保健
3405,ALGM,信息技术
3406,CRC,能源
3407,CADE,金融
3408,CALX,信息技术
3409,COKE,日常消费
3410,CIVI,能源
3411,BOOT,可选消费
3412,FLOW,
3413,VTRS,医疗保健
3414,MRVI,医疗保健
3415,SHC,医疗保健
3416,SKIN,医疗保健
3417,AZTA,信息技术
3418,FIX,工业
3419,AX,金融
3420,IPAR,日常消费
3421,EVTC,信息技术
3422,CNXC,信息技术
3423,DASH,可选消费
3424,ABNB,房地产
3425,CERT,信息技术
3426,UPST,金融
3427,HLIO,工业
3428,CYTK,医疗保健
3429,IBTX,金融
3430,AFRM,金融
3431,DRVN,工业
3432,XM,信息技术
3433,TPL,金融
3434,PLTK,可选消费
3435,PARA,可选消费
3436,UCBI,
3437,WSFS,金融
3438,LNTH,医疗保健
3439,BMBL,信息技术
3440,DINO,能源
3441,COOP,金融
3442,FIBK,金融
3443,KOS,能源
3444,WHD,能源
3445,SGFY,医疗保健
3446,RBLX,信息技术
3447,HAYW,工业
3448,DOCN,信息技术
3449,COUR,可选消费
3450,CPNG,可选消费
3451,CNR,工业
3452,MRVL,信息技术
3453,ENOV,医疗保健
3454,TWNK,日常消费
3455,HPK,能源
3456,WE,
3457,OWL,金融
3458,COIN,金融
3459,APP,信息技术
3460,EDR,可选消费
3461,PATH,信息技术
3462,MGEE,公用事业
3463,BALL,材料
3464,LNW,可选消费
3465,META,信息技术
3466,SOFI,金融
3467,PCOR,信息技术
3468,FYBR,电信服务
3469,BANF,金融
3470,EVH,医疗保健
3471,AXNX,医疗保健
3472,HRMY,医疗保健
3473,AGTI,医疗保健
3474,PRVA,医疗保健
3475,OGN,医疗保健
3476,MQ,信息技术
3477,DOCS,医疗保健
3478,CFLT,信息技术
3479,MCW,可选消费
3480,OTTR,公用事业
3481,MTOR,工业
3482,ELV,医疗保健
3483,CORT,医疗保健
3484,CCCS,信息技术
3485,JOBY,工业
3486,CHRD,能源
3487,ULCC,工业
3488,DTM,能源
3489,PECO,房地产
3490,PYCR,信息技术
3491,RYAN,金融
3492,CNM,工业
3493,ALIT,信息技术
3494,INST,可选消费
3495,HOOD,金融
3496,SHLS,信息技术
3497,ENVX,信息技术
3498,ALHC,医疗保健
3499,GXO,工业
3500,VSCO,可选消费
3501,PWSC,信息技术
3502,DUOL,可选消费
3503,BMI,信息技术
3504,MODG,可选消费
3505,AAWW,工业
3506,SMCI,信息技术
3507,MNTK,能源
3508,EVEX,工业
3509,RXDX,医疗保健
3510,LFST,医疗保健
3511,XMTR,信息技术
3512,TWKS,信息技术
3513,TOST,信息技术
3514,OLPX,日常消费
3515,ESMT,信息技术
3516,SPXC,工业
3517,ISEE,医疗保健
3518,PI,工业
3519,PCVX,医疗保健
3520,JXN,金融
3521,GTLB,信息技术
3522,FBIN,工业
3523,RIVN,可选消费
3524,EVA,
3525,ELF,日常消费
3526,KNBE,信息技术
3527,CVT,信息技术
3528,LTH,可选消费
3529,KD,信息技术
3530,WIRE,工业
3531,AI,信息技术
3532,CXT,工业
3533,FLYW,信息技术
3534,BRBR,日常消费
3535,COLD,房地产
3536,RELY,金融
3537,ESAB,工业
3538,WBD,可选消费
3539,RVTY,医疗保健
3540,FI,金融
3541,TPH,可选消费
3542,KRYS,医疗保健
3543,IAS,信息技术
3544,HCP,信息技术
3545,VRRM,工业
3546,AUR,信息技术
3547,IOT,信息技术
3548,HHH,房地产
3549,RKLB,工业
3550,IONQ,信息技术
3551,SYM,工业
3552,FRSH,信息技术
3553,LEN.B,
3554,RVMD,医疗保健
3555,COR,医疗保健
3556,TKO,可选消费
3557,NOG,能源
3558,TEAM,信息技术
3559,CEIX,能源
3560,BRZE,信息技术
3561,CRBG,金融
3562,VYX,信息技术
3563,NUVL,医疗保健
3564,MBLY,信息技术
3565,AVAV,工业
